area,quartos,banheiros,vagas_garagem,bairro,mobiliado,piscina,area_verde,idade,distancia_centro,preco
174.8,4.0,3.0,3,Vila São Paulo,1,0,1,17.0,4.7,725806.38
143.1,1.0,3.0,1,Centro,1,0,0,10.0,0.5,719442.29
182.4,3.0,1.0,0,São José,1,0,1,47.0,2.1,555961.55
226.2,5.0,3.0,1,Centro,1,0,1,1.0,4.2,1802788.72
138.3,3.0,3.0,1,Vila Nova,1,0,1,11.0,2.4,510616.59
138.3,3.0,2.0,2,Jardim América,0,0,1,5.0,6.6,839198.85
229.0,1.0,1.0,1,Jardim América,1,0,1,42.0,5.8,759199.08
188.4,1.0,1.0,2,Santa Cruz,1,0,0,39.0,5.7,349590.95
126.5,1.0,1.0,3,Bela Vista,1,0,1,43.0,0.5,540441.16
177.1,2.0,3.0,0,Santa Tereza,1,0,1,28.0,3.9,641819.6
126.8,4.0,1.0,1,Jardim América,1,0,1,29.0,3.6,810477.99
126.7,2.0,3.0,0,Vila São Paulo,1,0,0,1.0,3.1,359442.6
162.1,4.0,3.0,1,São José,1,0,0,8.0,4.2,876517.29
54.3,4.0,2.0,0,Boa Vista,0,1,0,46.0,2.7,201126.22
63.8,3.0,2.0,1,Vila Maria,0,0,0,1.0,5.4,153986.0
121.9,3.0,2.0,1,Santa Cruz,0,0,1,28.0,6.5,309970.93
99.4,4.0,2.0,1,Santa Cruz,1,0,0,32.0,6.4,326379.07
165.7,4.0,2.0,1,São José,1,0,1,9.0,4.7,692452.69
104.6,2.0,3.0,1,Bela Vista,1,0,0,33.0,9.0,447034.91
79.4,2.0,3.0,1,Bela Vista,1,0,0,43.0,7.3,339149.58
223.3,3.0,1.0,1,Boa Vista,1,0,1,7.0,4.8,1001638.95
138.7,1.0,3.0,1,São José,0,0,0,36.0,4.0,417332.43
153.4,4.0,3.0,1,Bela Vista,1,0,0,32.0,7.7,814126.84
78.8,2.0,2.0,0,Vila São Paulo,1,0,1,46.0,7.0,163295.61
122.8,3.0,3.0,2,Vila Maria,0,0,1,5.0,2.2,291795.02
155.5,2.0,2.0,1,Vila Nova,0,0,0,43.0,7.2,309947.44
92.5,4.0,1.0,2,Vila São Paulo,0,0,1,39.0,4.7,306155.01
168.8,4.0,1.0,1,Bela Vista,0,0,1,44.0,3.3,740169.53
120.0,5.0,3.0,1,Centro,1,0,1,18.0,1.0,771245.38
135.4,1.0,1.0,0,Santa Tereza,0,0,0,31.0,4.5,307300.56
119.9,5.0,3.0,3,Boa Vista,1,0,0,26.0,5.0,828222.41
242.6,3.0,1.0,3,Santa Tereza,1,0,0,0.0,8.2,1117481.3
149.3,2.0,2.0,0,Jardim América,1,1,0,42.0,6.9,732144.91
97.1,3.0,2.0,2,Santa Cruz,1,0,1,32.0,3.8,330109.81
,,,3,Santa Tereza,1,1,1,,5.8,878249.14
89.0,5.0,2.0,0,Bela Vista,1,0,1,31.0,6.7,505096.09
160.4,5.0,3.0,0,Jardim América,1,0,0,4.0,5.2,1243045.32
52.0,5.0,1.0,3,Vila Nova,0,0,1,16.0,3.8,142993.85
83.6,3.0,3.0,2,Boa Vista,1,0,0,7.0,3.9,428758.32
159.8,4.0,2.0,0,Centro,0,0,1,41.0,5.8,652255.84
186.9,2.0,3.0,1,Vila Nova,1,0,1,33.0,5.8,546263.98
158.6,2.0,1.0,2,Vila São Paulo,0,0,1,8.0,4.4,410323.82
144.2,3.0,3.0,2,Vila Nova,1,0,1,22.0,0.5,469686.81
134.9,5.0,1.0,3,Boa Vista,1,0,0,34.0,2.4,715630.53
76.1,1.0,3.0,3,Centro,1,1,1,49.0,6.2,488666.41
114.0,3.0,1.0,1,Vila São Paulo,1,0,1,6.0,0.7,381507.7
127.0,3.0,1.0,0,Jardim América,1,0,1,14.0,7.4,659600.69
202.9,4.0,2.0,3,Vila Nova,0,0,1,19.0,7.1,670668.13
167.2,2.0,1.0,3,Santa Tereza,1,0,1,49.0,5.1,610226.47
61.8,3.0,2.0,2,Vila Maria,1,0,0,24.0,6.2,132710.13
166.2,3.0,2.0,3,Centro,1,1,1,2.0,6.1,1040217.83
130.7,5.0,2.0,3,Jardim América,1,0,0,45.0,4.8,796857.28
116.2,5.0,3.0,3,São José,1,0,1,23.0,2.3,652820.4
180.6,1.0,3.0,3,Vila Nova,1,0,1,33.0,6.9,505985.04
201.5,4.0,3.0,2,Santa Cruz,1,1,0,45.0,7.8,796225.07
196.6,1.0,3.0,1,Vila Nova,0,0,1,21.0,2.6,491298.36
108.0,5.0,1.0,1,Vila São Paulo,0,0,0,10.0,2.2,287429.73
134.5,2.0,1.0,0,Vila Maria,0,1,1,47.0,4.7,267394.17
1816.6205040921363,5.0,3.0,3,Santa Cruz,1,0,1,7.0,3.7,798994.41
198.8,4.0,1.0,2,Centro,1,1,1,38.0,5.3,1185507.14
126.0,5.0,1.0,0,São José,1,0,1,42.0,7.4,407507.59
140.7,4.0,2.0,0,Vila Nova,1,0,1,34.0,0.5,396941.29
94.7,4.0,2.0,1,Santa Tereza,1,0,0,48.0,8.2,357720.28
90.2,4.0,2.0,2,Vila Nova,1,0,1,45.0,4.2,232477.28
190.6,4.0,2.0,2,Santa Cruz,1,1,1,37.0,6.0,813657.5
217.8,4.0,1.0,2,Santa Cruz,0,0,0,7.0,6.2,520757.69
146.4,2.0,3.0,1,Vila São Paulo,0,0,0,36.0,6.5,316802.63
200.2,1.0,1.0,1,Vila São Paulo,1,0,0,26.0,5.1,477469.27
168.1,3.0,1.0,1,Centro,1,0,0,27.0,5.6,728637.72
117.7,1.0,1.0,1,Jardim América,1,0,1,39.0,5.6,599890.84
168.1,4.0,2.0,1,Jardim América,1,0,1,33.0,3.7,1068451.94
226.9,2.0,2.0,3,Bela Vista,1,0,1,31.0,1.5,1556290.69
148.2,5.0,2.0,3,Centro,0,0,0,14.0,2.6,772418.84
228.2,2.0,3.0,2,Jardim América,0,0,0,43.0,4.8,1010698.35
30.0,4.0,1.0,0,Vila São Paulo,1,0,0,16.0,3.4,89293.17
191.1,2.0,3.0,2,Vila Nova,1,0,1,32.0,3.4,460601.81
154.4,2.0,2.0,0,Santa Tereza,1,1,1,46.0,8.6,542317.88
135.0,4.0,3.0,1,Vila Nova,1,1,1,45.0,6.7,491906.08
154.6,2.0,1.0,0,Santa Cruz,1,0,1,15.0,4.5,392075.73
50.6,3.0,1.0,2,Bela Vista,1,0,1,28.0,6.3,243904.55
139.0,3.0,2.0,2,Centro,1,0,1,8.0,4.2,793795.94
167.9,2.0,2.0,0,Vila São Paulo,1,0,1,32.0,5.2,417820.04
223.9,5.0,3.0,3,Vila Nova,1,0,1,48.0,5.9,791491.87
124.1,4.0,2.0,1,Vila Maria,1,0,0,28.0,4.2,276549.79
109.6,3.0,2.0,1,Bela Vista,1,0,1,12.0,3.6,668353.56
124.9,5.0,1.0,2,São José,0,1,1,20.0,7.4,641365.61
195.8,2.0,2.0,3,Centro,1,0,1,20.0,6.2,1010860.78
166.4,5.0,2.0,0,Vila São Paulo,1,0,0,4.0,0.5,627712.69
123.5,1.0,1.0,1,Santa Tereza,1,0,1,9.0,3.7,470165.8
175.7,3.0,1.0,3,Jardim América,1,0,1,5.0,3.4,1297201.01
154.9,2.0,3.0,1,Vila São Paulo,1,1,0,12.0,3.8,653891.57
198.4,4.0,2.0,3,São José,1,0,1,0.0,6.7,965419.09
114.9,2.0,1.0,3,Bela Vista,1,0,0,19.0,5.0,533424.6
133.6,4.0,3.0,2,Centro,0,0,0,46.0,2.2,660376.33
130.4,2.0,3.0,1,Vila Nova,1,0,0,45.0,4.2,278277.84
76.8,5.0,2.0,0,Centro,1,0,0,7.0,6.1,343660.82
164.8,5.0,2.0,2,Centro,1,1,1,9.0,4.6,907466.39
163.1,5.0,3.0,2,São José,1,1,0,8.0,3.7,1296744.98
150.3,1.0,1.0,0,Jardim América,1,0,0,48.0,5.7,428438.57
,,,2,Vila Nova,1,0,0,,8.2,442911.59
79.2,5.0,2.0,3,Centro,1,1,0,2.0,5.9,711063.29
129.0,1.0,1.0,3,Bela Vista,1,0,0,10.0,7.6,550363.89
132.9,4.0,1.0,1,Santa Tereza,0,0,1,11.0,3.8,584092.17
109.9,2.0,3.0,1,Bela Vista,1,0,0,9.0,5.0,651549.54
141.9,1.0,2.0,0,Vila Nova,1,0,1,24.0,4.9,264672.64
170.2,3.0,3.0,1,Centro,1,0,1,48.0,5.2,815666.69
244.3,1.0,3.0,3,São José,0,0,0,48.0,5.9,701482.38
158.7,1.0,3.0,0,Santa Cruz,1,0,1,24.0,3.2,462274.04
162.9,4.0,1.0,0,Bela Vista,1,0,0,10.0,6.3,711687.45
146.3,2.0,1.0,1,Santa Tereza,0,0,0,35.0,1.7,446961.96
54.1,3.0,2.0,3,Bela Vista,1,1,0,38.0,2.3,364401.06
148.7,5.0,2.0,0,Boa Vista,1,1,0,25.0,9.3,773018.47
153.0,5.0,3.0,3,Boa Vista,1,1,1,13.0,4.0,1607350.24
273.2,1.0,3.0,3,Santa Tereza,1,0,1,38.0,6.5,1116807.33
140.4,4.0,3.0,3,Centro,1,0,0,39.0,8.4,876214.54
165.1,4.0,2.0,1,São José,1,0,1,0.0,0.5,933194.68
148.3,5.0,1.0,2,Santa Tereza,1,0,0,3.0,7.3,815891.51
91.6,3.0,1.0,2,Jardim América,0,0,1,29.0,6.3,433382.81
207.1,2.0,3.0,0,Santa Cruz,0,0,0,11.0,8.3,547158.15
187.6,3.0,3.0,3,Jardim América,1,0,0,34.0,2.6,1357123.56
189.6,2.0,3.0,1,Vila Nova,0,1,0,12.0,7.9,379464.68
104.5,5.0,3.0,3,Vila Maria,1,0,0,30.0,3.5,305657.21
220.1,2.0,2.0,3,São José,1,0,1,37.0,7.1,873311.72
79.9,4.0,1.0,1,Jardim América,1,0,1,42.0,4.9,432660.46
179.3,1.0,3.0,2,Jardim América,1,1,0,22.0,6.5,1061801.78
259.5,1.0,2.0,3,Bela Vista,1,0,1,3.0,5.1,1537680.58
100.5,5.0,3.0,3,Centro,1,1,1,15.0,1.3,1065740.18
121.7,4.0,3.0,2,Centro,1,1,1,6.0,0.5,1140183.55
155.0,3.0,1.0,1,São José,0,0,0,21.0,5.4,514168.76
124.8,4.0,3.0,0,Santa Cruz,1,0,1,28.0,4.5,436977.47
72.5,1.0,1.0,2,Centro,1,0,1,10.0,5.8,308370.54
153.4,1.0,1.0,0,Centro,1,0,1,32.0,4.5,487853.09
96.9,4.0,1.0,0,Santa Cruz,1,0,0,28.0,9.0,240295.14
173.7,4.0,2.0,2,Santa Cruz,0,0,0,38.0,5.5,498274.26
104.0,1.0,2.0,3,Vila São Paulo,1,1,0,11.0,4.1,327649.5
227.5,3.0,1.0,0,Bela Vista,1,1,1,6.0,5.7,1325780.84
110.8,5.0,3.0,0,São José,1,0,1,38.0,4.1,439294.24
133.9,5.0,1.0,1,Santa Tereza,1,0,0,41.0,5.2,459314.97
190.7,4.0,3.0,3,Bela Vista,1,0,1,47.0,2.6,1203533.71
88.5,5.0,1.0,0,Boa Vista,1,0,1,25.0,5.0,390499.93
161.4,1.0,3.0,1,Boa Vista,1,0,1,39.0,4.0,690060.55
215.4,1.0,2.0,3,Boa Vista,1,0,1,8.0,2.8,1074446.92
69.6,4.0,3.0,2,Centro,1,0,1,40.0,9.0,359491.61
159.2,4.0,1.0,2,Centro,0,0,0,33.0,2.8,667373.55
163.0,4.0,2.0,1,Centro,1,1,1,44.0,5.0,1032806.19
189.1,3.0,3.0,2,Vila Nova,1,0,0,12.0,3.4,455697.37
88.2,5.0,3.0,0,Santa Tereza,1,0,0,35.0,5.6,389374.61
84.0,4.0,3.0,3,Santa Tereza,1,0,0,24.0,2.5,584104.17
176.1,2.0,3.0,0,Boa Vista,1,0,0,23.0,6.7,761040.99
164.8,2.0,3.0,0,Santa Tereza,1,0,0,43.0,9.1,593911.15
162.5,1.0,2.0,2,São José,1,0,0,16.0,3.3,486949.59
167.3,5.0,2.0,0,Centro,1,0,1,1.0,7.4,838689.29
116.0,4.0,2.0,2,Santa Tereza,0,0,0,12.0,4.2,575977.59
161.6,2.0,2.0,3,Bela Vista,0,0,1,30.0,8.0,866054.32
164.7,5.0,1.0,3,Vila Nova,1,0,0,28.0,9.4,383679.26
114.3,1.0,2.0,0,Centro,0,0,1,49.0,4.5,339725.18
243.3,3.0,3.0,1,Jardim América,0,1,1,27.0,2.0,1942131.03
173.7,5.0,3.0,2,Santa Tereza,1,0,0,26.0,6.9,803464.19
90.4,5.0,2.0,2,Vila São Paulo,1,1,1,14.0,5.4,444960.65
182.8,3.0,3.0,0,Bela Vista,1,0,1,30.0,6.0,697780.03
101.3,5.0,2.0,2,Santa Tereza,0,1,1,39.0,4.3,579051.26
189.4,1.0,3.0,2,Bela Vista,1,0,1,14.0,3.2,1014322.75
207.9,1.0,1.0,1,Jardim América,0,0,1,32.0,7.3,735464.99
109.0,3.0,1.0,1,Vila Nova,1,0,1,19.0,5.6,278072.55
,,,0,Boa Vista,1,0,1,,2.1,927821.78
170.6,2.0,2.0,1,Bela Vista,1,0,0,11.0,6.4,833743.3
191.1,4.0,2.0,0,São José,1,0,1,36.0,6.0,763607.63
244.8,5.0,3.0,3,Santa Tereza,0,0,0,8.0,4.3,1248971.77
1106.756330494413,2.0,2.0,0,São José,1,0,1,22.0,8.2,451773.45
112.3,3.0,1.0,3,Boa Vista,1,0,0,7.0,3.8,527031.76
105.5,3.0,3.0,0,Centro,1,0,1,31.0,4.7,576580.74
109.2,2.0,2.0,2,São José,0,0,1,47.0,6.5,353924.15
146.1,1.0,3.0,1,Bela Vista,1,0,0,13.0,5.2,796913.41
167.1,2.0,3.0,3,Bela Vista,1,0,0,26.0,2.2,1228082.56
163.8,5.0,2.0,0,São José,1,1,1,24.0,5.4,928816.86
191.4,1.0,3.0,1,Santa Cruz,1,0,1,12.0,4.2,581156.67
150.7,3.0,1.0,0,Centro,1,0,1,20.0,6.7,607965.32
222.7,2.0,1.0,1,Jardim América,1,1,0,44.0,5.3,1165753.73
136.8,4.0,3.0,1,Jardim América,1,0,1,30.0,5.2,962705.82
286.0,4.0,2.0,0,Vila Nova,1,0,1,36.0,2.9,795386.91
181.3,5.0,3.0,3,Vila Nova,1,0,0,47.0,4.5,465024.71
107.1,4.0,1.0,3,Santa Cruz,1,0,0,42.0,6.9,342332.3
96.5,2.0,3.0,2,Santa Cruz,1,0,1,4.0,3.4,371565.14
174.1,2.0,3.0,1,São José,1,0,0,12.0,4.9,613125.03
138.8,4.0,1.0,2,Santa Cruz,1,0,0,27.0,3.1,378244.85
185.7,2.0,3.0,2,Vila São Paulo,1,1,1,42.0,2.6,550815.37
173.7,5.0,3.0,0,Santa Cruz,1,0,0,24.0,4.8,529730.83
146.4,1.0,2.0,0,Boa Vista,1,0,1,34.0,5.3,494566.74
107.7,5.0,2.0,0,Santa Cruz,1,0,0,46.0,9.0,302303.51
74.3,5.0,1.0,1,São José,1,0,1,38.0,4.1,296932.07
127.7,2.0,1.0,0,Vila São Paulo,0,0,1,6.0,4.9,298141.76
192.8,1.0,1.0,0,Boa Vista,1,0,0,37.0,2.5,515643.28
160.7,2.0,2.0,1,Boa Vista,1,1,1,31.0,6.2,713257.94
87.7,3.0,1.0,1,Jardim América,0,1,0,2.0,5.8,495477.36
158.7,2.0,1.0,3,São José,1,0,1,44.0,8.0,458531.66
169.3,2.0,1.0,0,São José,1,0,1,38.0,7.2,432935.01
105.8,2.0,2.0,0,São José,0,0,1,36.0,5.7,293835.67
157.7,1.0,3.0,0,Boa Vista,1,0,1,49.0,4.1,545107.79
152.9,2.0,1.0,3,Vila Maria,1,0,0,21.0,5.4,300037.53
92.9,1.0,3.0,0,Vila Maria,1,0,1,7.0,4.8,211832.66
167.9,4.0,1.0,3,Vila São Paulo,1,0,0,16.0,6.9,509669.25
178.0,3.0,3.0,2,Bela Vista,0,0,0,26.0,6.7,789690.84
204.2,1.0,2.0,3,Centro,0,1,1,32.0,4.4,1051721.66
202.7,4.0,2.0,2,Santa Cruz,1,0,0,45.0,2.1,622029.41
81.1,1.0,1.0,0,Vila Nova,1,0,1,16.0,7.7,124374.79
103.1,1.0,3.0,2,São José,1,0,0,41.0,6.2,330276.91
175.8,3.0,2.0,3,Jardim América,0,0,1,11.0,4.4,1272575.4
175.7,5.0,1.0,1,São José,1,0,0,47.0,6.1,514596.38
175.8,5.0,1.0,2,Vila São Paulo,0,0,0,45.0,5.1,385401.78
342.6,1.0,2.0,2,Jardim América,0,0,1,26.0,7.6,1532178.21
178.5,2.0,2.0,0,Jardim América,1,0,1,47.0,1.1,919689.06
206.8,4.0,1.0,3,Boa Vista,1,0,1,7.0,4.2,1393554.49
197.7,2.0,3.0,2,Bela Vista,1,0,0,22.0,8.2,1114003.42
182.6,2.0,3.0,2,Bela Vista,1,0,0,41.0,6.1,1003015.52
134.2,1.0,3.0,2,Bela Vista,1,1,1,48.0,8.5,718162.39
187.9,1.0,1.0,2,Santa Cruz,1,0,1,28.0,2.6,435838.35
111.4,1.0,2.0,1,Jardim América,1,0,0,49.0,7.1,469443.42
138.2,1.0,1.0,3,Vila Maria,1,0,1,19.0,7.0,270251.27
125.7,5.0,2.0,0,Boa Vista,1,0,1,15.0,1.6,736176.82
154.1,1.0,3.0,0,Santa Tereza,1,0,1,16.0,4.4,560579.18
265.7,5.0,3.0,1,Vila São Paulo,0,0,1,15.0,4.8,1032820.94
56.6,5.0,2.0,3,São José,1,0,1,18.0,1.8,329270.69
184.3,1.0,2.0,2,Vila Nova,0,1,0,7.0,4.5,527981.1
69.4,3.0,1.0,1,Bela Vista,1,0,0,37.0,6.7,275576.86
126.4,4.0,3.0,3,Vila Nova,1,0,1,37.0,4.2,426629.21
204.4,2.0,1.0,2,Vila São Paulo,0,0,1,28.0,5.5,496567.57
153.2,5.0,1.0,1,Santa Tereza,0,0,1,40.0,5.5,532306.57
96.1,4.0,1.0,3,Santa Tereza,1,0,0,35.0,5.0,342917.12
114.2,3.0,3.0,0,Vila Nova,1,0,1,25.0,3.6,262629.34
184.0,2.0,1.0,0,Jardim América,0,0,1,30.0,6.3,725826.01
113.5,2.0,1.0,3,Jardim América,1,0,0,43.0,1.8,555602.91
160.8,5.0,1.0,0,Santa Cruz,1,0,0,11.0,5.0,386245.64
152.3,1.0,1.0,3,Bela Vista,1,0,1,16.0,7.8,693288.84
,,,2,Vila Nova,1,0,1,,4.1,318216.65
257.2,5.0,1.0,3,Vila Nova,1,0,0,8.0,3.5,820467.37
181.7,3.0,3.0,2,Santa Tereza,1,1,1,38.0,6.5,1034981.78
48.7,1.0,1.0,1,Boa Vista,1,0,1,41.0,5.3,173088.07
159.3,1.0,2.0,3,Boa Vista,1,0,1,47.0,6.5,686329.77
116.9,5.0,1.0,1,Vila Maria,0,0,0,11.0,5.1,262618.2
192.6,1.0,1.0,0,Vila São Paulo,0,0,1,31.0,0.5,381992.44
110.4,4.0,3.0,2,Santa Cruz,0,0,0,24.0,7.4,356633.13
144.3,2.0,3.0,3,Centro,1,1,1,38.0,9.1,883162.38
175.2,5.0,2.0,1,Centro,1,0,0,17.0,7.6,920367.56
193.3,3.0,2.0,2,Bela Vista,1,0,1,14.0,0.5,1311940.28
90.0,4.0,3.0,2,Vila Maria,1,0,0,31.0,5.9,204922.73
133.3,5.0,3.0,0,Jardim América,1,0,1,5.0,4.1,1088365.96
126.3,1.0,1.0,0,Jardim América,0,0,1,43.0,2.8,468386.04
117.3,1.0,3.0,2,São José,1,0,0,42.0,5.2,385413.26
238.3,1.0,2.0,2,Bela Vista,1,0,1,34.0,4.7,1087978.11
170.2,1.0,1.0,3,Boa Vista,1,0,0,33.0,6.0,536999.81
87.0,3.0,2.0,2,Jardim América,1,0,0,37.0,5.1,432153.04
195.9,4.0,1.0,3,Jardim América,1,0,1,4.0,2.8,1537419.84
256.1,2.0,3.0,2,Vila São Paulo,1,0,0,17.0,3.8,801398.26
201.6,3.0,2.0,0,Santa Cruz,1,0,1,15.0,3.5,500865.4
74.0,3.0,1.0,3,Boa Vista,1,0,1,7.0,1.6,368750.58
125.8,2.0,1.0,1,Vila Nova,1,0,1,24.0,2.3,262985.56
,,,0,Jardim América,0,0,0,,4.6,1105325.0
114.6,1.0,3.0,3,Boa Vista,1,0,1,25.0,7.8,550479.2
172.2,3.0,3.0,3,São José,0,0,1,21.0,3.9,763519.72
188.7,5.0,2.0,1,São José,1,0,0,30.0,3.5,780981.1
103.7,2.0,1.0,3,Jardim América,0,0,1,42.0,2.6,567559.58
147.0,2.0,3.0,2,Santa Cruz,1,1,0,9.0,5.1,661850.27
30.0,4.0,2.0,1,Bela Vista,1,0,1,11.0,-4.1866269399645715,156009.22
98.8,5.0,2.0,0,Santa Cruz,1,0,0,27.0,9.0,301957.66
137.4,5.0,2.0,0,Vila São Paulo,0,0,1,5.0,5.6,435091.51
87.6,2.0,3.0,2,Vila São Paulo,0,0,1,19.0,5.3,292156.48
231.6,1.0,3.0,0,Vila Maria,0,0,0,4.0,3.9,459567.09
78.5,4.0,1.0,3,Vila Nova,0,0,0,22.0,4.2,228405.79
128.0,5.0,1.0,3,Boa Vista,0,0,1,8.0,6.3,597623.72
156.5,2.0,3.0,2,Boa Vista,1,0,1,28.0,4.4,781452.62
222.1,5.0,2.0,0,Vila Nova,0,0,0,15.0,4.7,651618.3
78.2,4.0,2.0,0,Vila Maria,0,0,0,45.0,4.9,105855.5
208.2,4.0,2.0,2,Vila Nova,1,0,1,21.0,3.8,668255.18
150.5,3.0,1.0,1,São José,1,0,1,7.0,4.9,563905.15
100.9,2.0,2.0,0,Vila São Paulo,1,1,1,19.0,1.0,372508.77
173.1,4.0,1.0,1,Boa Vista,1,0,1,13.0,6.1,884653.25
160.0,3.0,1.0,0,São José,1,0,0,38.0,9.7,442212.02
120.0,3.0,2.0,0,Boa Vista,0,0,1,36.0,3.9,461638.15
153.5,5.0,2.0,0,Vila Maria,1,0,1,49.0,5.7,324710.4
130.7,5.0,3.0,0,Bela Vista,1,0,0,33.0,6.7,698907.22
155.7,3.0,3.0,3,Santa Tereza,0,0,1,10.0,7.6,817835.82
183.1,5.0,2.0,1,Boa Vista,1,0,1,39.0,4.5,1047573.11
229.3,4.0,1.0,1,Vila São Paulo,0,0,0,32.0,1.4,537375.29
88.1,1.0,1.0,0,Bela Vista,0,0,1,30.0,5.5,271706.92
256.7,4.0,1.0,0,Vila São Paulo,1,1,0,43.0,5.3,684458.09
52.4,3.0,1.0,1,Jardim América,1,0,1,33.0,4.3,295273.27
142.4,3.0,1.0,3,Centro,1,0,1,49.0,4.7,639232.69
179.4,4.0,3.0,2,Santa Tereza,0,0,0,6.0,5.3,1046550.72
164.0,5.0,2.0,2,Jardim América,1,0,0,48.0,5.7,1091231.49
118.9,5.0,3.0,1,Bela Vista,1,0,1,22.0,5.6,863105.35
139.6,3.0,1.0,0,Vila Nova,1,0,1,45.0,4.6,242705.05
125.3,2.0,1.0,0,São José,1,0,1,6.0,5.8,479809.25
120.5,5.0,1.0,3,Santa Cruz,0,1,1,24.0,4.4,535209.58
192.5,4.0,1.0,2,São José,0,1,1,2.0,6.3,946907.11
167.9,5.0,2.0,3,Jardim América,1,1,1,37.0,3.7,1315856.9
115.4,4.0,1.0,2,Boa Vista,1,0,1,19.0,5.1,477368.7
195.0,3.0,2.0,1,Jardim América,1,0,0,33.0,1.8,1164376.57
165.4,5.0,1.0,2,Santa Tereza,1,0,1,48.0,4.3,642369.92
190.6,4.0,2.0,3,Santa Cruz,1,0,1,43.0,6.1,510228.16
181.5,3.0,3.0,3,Centro,0,0,1,43.0,2.9,831459.55
1655.1721431779192,2.0,1.0,3,Vila Nova,1,0,1,29.0,4.4,255311.82
122.0,4.0,2.0,1,Centro,0,0,1,16.0,0.5,701359.29
187.4,2.0,3.0,2,Vila Maria,1,0,1,9.0,2.3,635928.32
180.5,2.0,1.0,2,Bela Vista,1,0,0,34.0,2.8,835808.65
149.0,1.0,1.0,3,Boa Vista,1,1,0,19.0,5.2,673493.37
155.9,5.0,1.0,2,Jardim América,1,0,1,17.0,5.7,1092092.01
213.9,4.0,2.0,0,Santa Cruz,0,0,0,44.0,4.9,507431.87
120.4,2.0,2.0,0,Santa Cruz,0,0,0,43.0,4.2,260928.59
177.4,1.0,3.0,0,Vila São Paulo,0,0,0,26.0,4.2,403790.77
139.9,3.0,2.0,2,Santa Cruz,1,1,1,48.0,6.4,500032.25
139.1,4.0,2.0,1,Santa Cruz,1,0,1,35.0,5.4,452586.4
204.9,2.0,1.0,1,Vila Maria,1,0,1,22.0,4.3,404804.14
191.3,5.0,1.0,1,Bela Vista,0,0,1,31.0,7.6,847972.34
190.7,1.0,1.0,1,Vila São Paulo,1,1,0,9.0,8.9,530571.5
215.3,2.0,1.0,0,Bela Vista,1,0,1,10.0,2.5,920079.01
151.1,5.0,1.0,0,Vila São Paulo,1,1,1,37.0,6.0,395569.44
184.1,2.0,1.0,3,Santa Cruz,1,0,1,5.0,11.2,420810.18
134.5,4.0,1.0,2,Jardim América,1,0,0,40.0,5.6,650889.43
166.2,4.0,3.0,2,Jardim América,1,0,0,46.0,5.2,1139053.79
143.5,4.0,3.0,1,Santa Tereza,0,1,0,33.0,4.9,708184.93
154.8,1.0,3.0,0,Vila Maria,1,0,1,35.0,6.0,296008.49
179.8,4.0,3.0,1,Boa Vista,0,0,1,36.0,6.5,785468.65
109.1,5.0,1.0,3,Boa Vista,1,0,1,16.0,2.5,627261.36
254.6,2.0,3.0,2,Bela Vista,1,0,1,39.0,4.9,1236493.75
99.7,3.0,1.0,2,Vila São Paulo,1,0,1,39.0,0.5,283835.49
89.3,5.0,3.0,1,Vila Nova,1,1,1,11.0,4.6,392277.15
207.9,5.0,2.0,3,Centro,1,0,0,20.0,3.2,1455346.67
189.6,4.0,3.0,2,Vila Maria,1,0,0,39.0,5.7,504701.25
181.2,1.0,3.0,3,Vila Nova,1,0,1,18.0,1.7,570877.08
181.4,2.0,1.0,3,Vila Maria,1,0,0,2.0,4.0,370052.54
149.4,1.0,3.0,1,Bela Vista,1,0,1,17.0,6.9,829843.71
105.1,2.0,2.0,0,Vila Nova,1,0,1,18.0,3.6,253524.65
153.8,2.0,1.0,1,São José,1,0,1,46.0,1.2,481391.4
116.1,1.0,1.0,0,Santa Cruz,1,0,1,5.0,5.5,307367.59
198.8,5.0,3.0,3,Vila Maria,1,0,1,15.0,3.8,807654.33
142.6,2.0,1.0,0,Boa Vista,1,0,1,7.0,4.6,582363.14
108.7,1.0,1.0,3,São José,0,0,0,47.0,3.5,290885.1
133.9,2.0,1.0,2,Vila Maria,0,1,0,17.0,8.9,270269.78
170.6,3.0,1.0,2,São José,1,1,0,47.0,1.9,706755.18
121.8,5.0,1.0,2,Vila São Paulo,0,1,1,42.0,10.7,357538.2
108.9,4.0,1.0,1,Santa Tereza,1,0,0,38.0,4.2,470339.39
162.2,2.0,2.0,1,Santa Cruz,1,0,0,48.0,5.4,457829.12
162.2,3.0,3.0,3,Vila Maria,1,0,0,48.0,3.9,421572.08
124.7,4.0,2.0,2,Boa Vista,1,0,1,11.0,3.8,583547.67
126.4,4.0,1.0,1,Santa Cruz,1,0,1,44.0,3.4,300475.38
161.6,2.0,1.0,2,Vila São Paulo,1,0,1,9.0,6.2,531406.79
,,,1,Vila Nova,1,0,1,,2.2,245635.17
79.6,2.0,2.0,0,São José,1,0,1,45.0,5.7,246351.67
114.1,3.0,3.0,0,Boa Vista,1,1,1,0.0,0.6,810235.2
139.3,4.0,2.0,2,São José,0,0,1,48.0,5.5,441301.52
165.5,2.0,1.0,3,Bela Vista,1,1,1,35.0,6.7,1048288.28
223.8,1.0,3.0,1,Vila São Paulo,1,0,0,20.0,2.5,599449.04
192.9,2.0,3.0,1,Bela Vista,1,0,1,36.0,6.4,1028784.37
142.0,5.0,1.0,0,Centro,1,0,0,23.0,5.1,558827.55
149.0,1.0,3.0,0,Bela Vista,1,0,1,24.0,8.2,632541.86
99.9,3.0,2.0,3,Bela Vista,1,1,1,6.0,3.3,924702.38
149.1,4.0,2.0,3,Santa Tereza,1,1,0,41.0,10.6,704696.77
135.6,2.0,2.0,3,Santa Cruz,0,0,0,16.0,0.5,414087.58
166.1,1.0,2.0,2,Vila Nova,0,0,1,28.0,4.3,363984.98
108.6,5.0,1.0,0,Vila Nova,1,1,0,29.0,1.6,283792.35
176.0,1.0,3.0,2,São José,1,0,1,6.0,8.7,612853.92
226.6,5.0,2.0,0,Vila Maria,1,1,1,32.0,4.5,702686.82
144.6,3.0,1.0,0,São José,1,0,1,6.0,4.7,504741.93
170.1,4.0,3.0,1,Vila Nova,1,0,1,23.0,5.9,576077.87
184.5,3.0,3.0,0,Santa Tereza,1,0,1,10.0,5.0,993053.57
129.9,2.0,1.0,0,Santa Cruz,0,0,1,8.0,3.8,336567.07
161.2,1.0,1.0,2,Santa Cruz,1,0,1,11.0,2.5,370040.46
150.6,5.0,2.0,0,Santa Cruz,0,0,1,34.0,5.3,382866.02
154.9,5.0,3.0,2,Santa Tereza,0,0,1,3.0,5.8,979786.05
111.3,1.0,3.0,3,Boa Vista,1,0,1,35.0,6.4,540815.62
151.2,1.0,1.0,0,Centro,0,0,0,27.0,8.8,500758.01
174.9,2.0,3.0,0,Vila Maria,0,0,1,12.0,0.7,377361.34
222.6,3.0,2.0,2,Vila São Paulo,0,0,1,22.0,4.9,739890.91
198.0,5.0,3.0,3,Vila Maria,1,0,0,18.0,7.4,661470.23
257.7,2.0,1.0,1,Boa Vista,1,0,0,41.0,4.8,711376.72
111.6,3.0,1.0,3,Jardim América,1,1,1,36.0,0.5,792320.66
193.6,2.0,2.0,2,Jardim América,1,1,0,38.0,2.4,1317082.93
159.2,5.0,2.0,3,Santa Tereza,1,0,0,23.0,5.7,716674.83
259.5,1.0,3.0,2,São José,1,0,1,15.0,5.6,866760.89
109.6,1.0,3.0,2,Vila Maria,0,1,1,32.0,6.3,216109.23
108.0,3.0,1.0,1,Santa Cruz,1,1,0,11.0,3.4,374106.58
120.0,4.0,2.0,0,Santa Tereza,1,0,1,33.0,5.5,463687.48
43.8,3.0,2.0,2,Vila Maria,1,0,1,6.0,3.1,118490.45
123.7,4.0,2.0,2,São José,1,0,1,10.0,5.5,576031.38
112.0,2.0,3.0,1,Centro,1,0,0,30.0,5.1,454762.65
157.5,2.0,2.0,2,Centro,1,0,1,28.0,3.4,756198.41
167.1,5.0,1.0,0,São José,1,0,1,12.0,8.1,514590.1
243.8,4.0,1.0,1,Vila Nova,1,1,1,30.0,1.6,865596.92
197.5,5.0,3.0,0,Centro,1,1,1,1.0,4.7,1882127.7
121.2,1.0,3.0,0,Bela Vista,1,0,1,38.0,3.3,414525.69
105.1,4.0,2.0,1,Vila Maria,1,0,0,14.0,8.7,233056.16
174.6,3.0,3.0,2,Vila Nova,1,0,1,10.0,6.2,563449.11
,,,0,Vila Nova,0,1,0,,3.7,154971.07
241.6,1.0,2.0,0,Vila São Paulo,1,0,1,38.0,4.4,583156.63
209.0,3.0,1.0,0,Bela Vista,0,0,1,3.0,8.7,813792.32
126.5,1.0,2.0,0,Jardim América,1,0,0,10.0,3.1,632806.56
64.3,4.0,3.0,1,Santa Cruz,1,0,1,28.0,1.5,317723.52
217.7,5.0,2.0,1,Bela Vista,1,0,0,1.0,-1.1750633887932742,1410581.5
144.3,1.0,2.0,3,São José,0,0,0,15.0,5.6,7621289.639519177
211.9,4.0,1.0,3,Vila Nova,1,0,1,38.0,6.3,580778.85
70.3,2.0,1.0,0,Jardim América,0,1,0,12.0,6.3,324815.47
120.0,4.0,2.0,2,Centro,1,1,1,36.0,8.5,664783.41
150.3,5.0,3.0,0,Vila Nova,1,1,0,16.0,1.6,614717.35
152.3,4.0,3.0,2,Vila Nova,1,0,1,20.0,2.6,501988.96
127.5,3.0,1.0,0,Bela Vista,1,0,1,43.0,6.3,9259184.044094667
181.1,5.0,3.0,3,Santa Tereza,1,0,1,18.0,2.8,1207258.48
96.6,2.0,1.0,3,Jardim América,0,1,1,6.0,2.1,717545.45
142.9,3.0,3.0,2,Boa Vista,1,0,1,37.0,8.7,803759.26
156.0,4.0,2.0,0,Centro,1,0,0,7.0,1.8,830090.63
175.7,5.0,1.0,2,Vila Maria,1,0,0,12.0,4.3,486728.46
185.6,2.0,1.0,3,Centro,1,0,1,36.0,4.9,681666.89
93.8,3.0,2.0,0,Santa Cruz,0,0,0,1.0,7.6,266079.59
73.3,2.0,1.0,0,Vila São Paulo,1,0,1,40.0,1.3,135746.92
213.9,4.0,3.0,2,Bela Vista,1,0,0,10.0,5.8,1606590.48
166.6,2.0,3.0,1,Jardim América,1,0,1,23.0,3.2,1069264.32
112.6,1.0,1.0,2,Santa Tereza,0,1,1,5.0,6.3,456064.25
227.6,3.0,3.0,3,Boa Vista,0,0,0,25.0,3.2,1183457.12
155.8,2.0,1.0,3,Jardim América,1,0,1,6.0,8.1,782919.62
209.0,4.0,2.0,3,Centro,1,0,0,38.0,3.2,1032649.71
153.4,4.0,1.0,3,Santa Cruz,0,1,1,18.0,0.5,677975.86
253.0,2.0,2.0,3,Vila Nova,1,0,0,5.0,3.4,783383.46
237.8,4.0,3.0,1,Bela Vista,1,1,1,42.0,4.5,1611766.3
137.6,5.0,2.0,0,Vila São Paulo,1,0,1,28.0,7.2,429069.22
198.6,5.0,3.0,2,Santa Cruz,1,1,0,42.0,2.5,902772.4
182.3,5.0,1.0,2,Jardim América,1,1,0,38.0,2.5,1227321.03
218.4,1.0,3.0,3,Jardim América,1,0,1,1.0,6.9,1918899.21
101.8,2.0,1.0,2,Vila São Paulo,1,0,0,18.0,2.2,301048.69
184.3,1.0,1.0,3,Santa Cruz,1,0,1,3.0,4.6,543878.2
202.9,4.0,2.0,1,Santa Tereza,0,0,1,5.0,4.7,912819.36
62.1,1.0,2.0,1,Jardim América,0,0,0,48.0,5.4,256008.71
90.8,4.0,2.0,0,Jardim América,1,0,1,36.0,3.5,482933.44
48.0,4.0,2.0,1,Vila Nova,0,0,1,27.0,3.1,117374.0
136.5,3.0,3.0,1,Vila Nova,1,0,1,29.0,5.7,455300.4
185.9,5.0,3.0,0,Vila Nova,0,0,1,6.0,3.2,618440.45
225.1,4.0,3.0,2,Centro,0,0,0,8.0,2.3,1345862.98
153.7,3.0,1.0,3,Boa Vista,1,0,0,24.0,7.5,657510.63
231.4,5.0,3.0,3,Centro,1,0,1,32.0,6.0,1735559.09
81.0,4.0,3.0,2,Santa Cruz,1,0,1,0.0,8.5,349263.95
64.8,4.0,3.0,0,Santa Tereza,0,0,0,5.0,6.6,318032.65
147.2,1.0,2.0,2,Boa Vista,0,1,1,17.0,2.5,655848.57
169.2,1.0,3.0,1,Vila Nova,1,0,1,9.0,5.2,504727.9
148.4,5.0,1.0,0,Vila São Paulo,1,0,0,27.0,3.0,404922.88
46.6,4.0,2.0,0,Boa Vista,1,0,1,10.0,1.7,254120.29
145.5,2.0,1.0,0,São José,1,1,0,32.0,4.1,549937.78
84.8,1.0,3.0,3,Centro,1,1,1,0.0,7.0,642256.02
183.5,5.0,2.0,2,São José,1,1,0,12.0,5.5,1137341.59
168.3,4.0,1.0,0,Santa Tereza,1,0,1,36.0,2.2,511218.59
103.0,4.0,3.0,0,Bela Vista,1,0,0,19.0,4.0,609569.86
124.3,2.0,1.0,0,Vila São Paulo,1,0,1,0.0,4.7,297666.52
97.0,5.0,1.0,2,Jardim América,1,0,1,2.0,1.6,828373.72
146.9,4.0,1.0,3,Vila São Paulo,1,1,0,17.0,6.4,610556.75
1407.991483469587,1.0,3.0,1,São José,1,0,1,40.0,4.5,666063.79
100.7,2.0,3.0,3,São José,0,0,1,13.0,2.2,456644.17
175.2,5.0,1.0,0,São José,0,0,0,30.0,2.1,682483.61
123.5,2.0,2.0,3,São José,1,1,1,26.0,7.2,556037.86
110.4,1.0,2.0,3,Centro,1,0,0,16.0,4.2,478784.92
144.6,5.0,3.0,1,Boa Vista,0,0,1,45.0,7.4,604957.7
98.2,2.0,3.0,2,Santa Tereza,1,0,1,28.0,8.1,404880.17
122.3,3.0,3.0,2,Vila Maria,1,0,1,35.0,7.0,280122.65
90.1,1.0,3.0,3,Vila São Paulo,1,0,0,36.0,3.9,289120.91
248.2,1.0,3.0,3,Bela Vista,1,1,1,25.0,0.5,1471684.81
151.8,1.0,2.0,2,Vila Nova,1,0,1,16.0,5.6,346323.35
115.0,3.0,3.0,2,Vila Nova,0,0,1,21.0,9.2,307222.54
160.7,3.0,1.0,1,Vila Nova,0,0,1,24.0,4.9,353046.05
144.4,4.0,1.0,0,Vila Maria,0,0,1,1.0,1.0,389414.69
139.0,2.0,2.0,3,São José,1,1,0,21.0,3.7,815639.28
180.7,4.0,1.0,2,Santa Tereza,0,0,0,4.0,4.6,655355.83
187.9,2.0,2.0,3,Centro,1,0,0,3.0,2.8,902307.6
123.5,3.0,2.0,3,Vila São Paulo,1,1,0,35.0,0.5,503391.57
121.2,3.0,1.0,2,Boa Vista,1,0,0,5.0,4.8,532169.74
136.2,4.0,3.0,1,Santa Tereza,0,0,0,20.0,3.4,573421.34
34.9,5.0,1.0,3,Centro,0,0,0,12.0,8.5,174838.4
74.2,4.0,1.0,1,São José,0,0,0,36.0,5.2,232867.3
218.3,2.0,2.0,2,São José,1,0,0,24.0,5.9,741032.15
232.2,4.0,1.0,0,Centro,1,0,0,25.0,4.8,915902.6
137.5,1.0,2.0,0,Boa Vista,0,0,0,38.0,5.2,369351.18
178.8,2.0,3.0,3,Vila Nova,0,0,1,19.0,1.7,543417.33
165.6,2.0,3.0,2,Vila Nova,0,0,1,32.0,2.9,468087.92
303.9,5.0,3.0,1,Santa Cruz,0,0,0,13.0,7.2,918189.5
206.0,3.0,1.0,3,Vila Nova,1,1,1,35.0,5.4,582971.14
143.6,2.0,2.0,2,Boa Vista,1,0,0,16.0,4.2,647528.51
102.2,3.0,3.0,2,São José,1,0,0,20.0,6.0,467333.09
69.7,4.0,2.0,1,Vila São Paulo,1,0,0,45.0,6.0,189996.73
160.2,1.0,2.0,3,Vila São Paulo,0,0,1,15.0,9.0,490530.13
112.2,5.0,3.0,2,Bela Vista,1,0,1,45.0,5.3,765811.26
78.9,3.0,3.0,2,Santa Cruz,1,0,0,15.0,2.9,315503.42
117.7,2.0,2.0,2,Centro,1,0,0,19.0,4.8,559950.73
95.9,3.0,3.0,1,Santa Tereza,1,0,1,28.0,6.2,398361.06
234.4,2.0,2.0,3,Vila São Paulo,0,0,0,27.0,7.0,575083.6
194.1,3.0,2.0,3,Centro,0,1,0,7.0,1.8,1266110.0
149.6,2.0,3.0,3,Boa Vista,0,1,1,23.0,5.5,931976.1
224.0,4.0,1.0,3,Bela Vista,1,0,1,2.0,3.2,1278503.85
153.9,2.0,3.0,0,Boa Vista,1,0,1,24.0,3.9,744672.73
106.9,2.0,1.0,0,Jardim América,1,0,1,18.0,6.7,477977.72
226.2,1.0,2.0,3,Vila São Paulo,1,0,0,32.0,6.5,622931.19
176.9,2.0,2.0,1,Vila São Paulo,1,0,0,1.0,3.6,505103.06
98.1,1.0,1.0,0,Vila Nova,1,1,1,14.0,4.7,211128.61
140.5,5.0,2.0,2,Bela Vista,0,0,0,-5.0,3.9,804502.94
106.2,1.0,1.0,0,Santa Tereza,1,0,1,9.0,10.8,289223.87
80.9,4.0,1.0,2,Santa Cruz,0,0,1,17.0,5.6,250850.91
196.3,1.0,2.0,3,Vila Nova,1,0,1,21.0,3.3,580322.1
245.5,5.0,1.0,0,Santa Cruz,1,1,0,45.0,7.6,786337.31
80.1,4.0,3.0,1,Jardim América,0,0,1,48.0,7.7,405369.03
178.1,3.0,3.0,0,São José,1,1,1,26.0,8.6,535517.65
117.5,3.0,2.0,0,Centro,1,0,1,12.0,9.2,506322.63
125.6,1.0,2.0,0,Santa Tereza,1,0,0,32.0,6.4,384935.98
120.4,1.0,1.0,3,Jardim América,1,1,0,4.0,4.3,861165.62
106.8,5.0,1.0,1,São José,1,0,0,25.0,4.6,430054.05
152.4,5.0,1.0,0,Vila São Paulo,0,1,0,12.0,4.4,462559.49
108.5,2.0,1.0,1,Vila São Paulo,0,0,0,26.0,4.2,271651.52
163.5,5.0,3.0,3,Bela Vista,0,0,1,13.0,7.5,1056443.64
147.5,2.0,3.0,2,Vila São Paulo,1,1,1,23.0,5.0,575277.35
138.1,4.0,2.0,0,Jardim América,0,0,0,2.0,6.9,687857.14
104.6,1.0,1.0,1,Santa Tereza,1,1,1,46.0,6.4,346894.4
121.2,4.0,1.0,1,Jardim América,1,1,0,48.0,2.8,6144711.680697226
187.8,5.0,2.0,3,Vila São Paulo,1,0,1,29.0,1.6,770764.53
175.0,4.0,1.0,0,São José,1,0,1,34.0,2.5,607343.79
101.1,4.0,1.0,2,Jardim América,1,0,1,47.0,4.1,457475.08
155.0,4.0,1.0,1,Vila Nova,1,0,1,13.0,5.3,404573.13
187.6,5.0,1.0,0,São José,0,0,0,11.0,3.7,757647.12
66.5,4.0,1.0,2,São José,0,0,0,27.0,6.4,219268.64
177.2,2.0,2.0,1,Bela Vista,1,0,1,43.0,3.9,772360.48
116.9,5.0,1.0,1,São José,0,0,1,28.0,5.5,466241.76
178.5,4.0,2.0,2,Centro,0,1,0,42.0,5.2,929610.5
111.8,5.0,1.0,2,São José,1,1,0,16.0,8.5,611761.97
59.8,3.0,3.0,3,Centro,0,0,1,39.0,3.0,289851.55
68.6,2.0,3.0,0,Bairro Inexistente,1,0,0,48.0,9.4,276843.47
,,,0,Vila São Paulo,0,1,1,,3.8,679412.39
163.0,3.0,3.0,3,Santa Cruz,1,0,1,22.0,2.3,739942.93
104.8,3.0,2.0,1,Vila São Paulo,1,0,0,19.0,4.6,253259.31
181.9,5.0,2.0,2,Santa Tereza,1,1,0,10.0,11.5,967686.34
66.9,3.0,1.0,2,Boa Vista,1,0,1,33.0,6.8,264289.95
146.7,2.0,3.0,2,Santa Tereza,1,0,1,9.0,6.2,818870.32
89.4,2.0,2.0,1,São José,0,1,1,9.0,6.6,327539.74
117.4,1.0,1.0,2,Santa Cruz,1,1,0,42.0,3.5,270331.71
152.4,2.0,1.0,2,Jardim América,1,0,0,5.0,5.7,701216.6
1134.7204450906636,3.0,2.0,3,Vila Nova,1,0,1,35.0,5.0,282180.23
130.8,2.0,3.0,1,Santa Tereza,1,0,1,23.0,8.6,472884.94
200.3,5.0,1.0,0,São José,0,0,0,11.0,4.8,821977.19
121.2,1.0,3.0,3,Santa Cruz,1,0,1,42.0,4.2,336839.85
191.8,3.0,3.0,3,Santa Cruz,1,0,0,22.0,2.7,799429.36
93.5,1.0,3.0,0,Santa Tereza,0,1,0,26.0,5.3,362765.05
176.5,3.0,1.0,3,Santa Tereza,1,0,0,44.0,5.6,648585.09
222.1,5.0,3.0,1,Santa Tereza,0,0,0,36.0,2.6,992057.9
30.0,1.0,1.0,2,Centro,0,0,1,5.0,5.9,128412.65
110.2,4.0,3.0,1,Bela Vista,0,0,1,0.0,5.5,733895.63
178.9,3.0,1.0,0,Vila Maria,0,0,1,5.0,7.0,332559.19
139.8,4.0,3.0,0,Bela Vista,1,0,1,49.0,7.4,634526.03
168.6,1.0,2.0,3,São José,0,0,0,21.0,5.2,550656.24
119.8,4.0,3.0,1,São José,1,0,0,40.0,2.9,552998.42
154.3,4.0,3.0,1,Vila São Paulo,1,0,0,23.0,3.3,566032.63
142.2,1.0,1.0,0,Santa Tereza,0,1,0,24.0,8.5,414791.99
208.4,5.0,1.0,1,Santa Tereza,1,0,1,14.0,5.3,895600.79
162.7,4.0,3.0,0,Bela Vista,1,0,1,25.0,8.5,1059234.38
166.9,4.0,2.0,1,Bela Vista,1,1,1,7.0,6.0,1176253.27
129.4,5.0,2.0,1,São José,0,1,0,23.0,6.5,602390.14
125.6,4.0,1.0,1,Boa Vista,1,0,0,47.0,6.9,435566.29
128.4,4.0,2.0,0,São José,1,0,1,37.0,2.6,598775.56
169.7,4.0,3.0,3,Vila Nova,0,1,0,5.0,5.6,689323.4
129.0,2.0,1.0,1,Centro,0,1,1,34.0,2.5,550619.8
164.5,5.0,3.0,0,Boa Vista,1,0,1,41.0,4.4,848238.48
253.8,4.0,1.0,0,Vila Nova,0,0,0,0.0,6.3,531958.14
193.6,5.0,1.0,1,Vila Nova,1,0,1,45.0,2.9,491404.75
133.7,3.0,1.0,1,Santa Tereza,1,0,1,35.0,6.1,580680.9
210.1,3.0,1.0,3,Jardim América,1,0,0,11.0,2.0,1440790.31
129.6,4.0,2.0,0,Vila São Paulo,1,0,1,37.0,7.3,350392.12
48.1,5.0,3.0,0,Santa Tereza,0,1,0,10.0,3.7,266657.66
99.6,5.0,3.0,2,Bela Vista,0,0,0,11.0,2.9,837328.28
56.5,5.0,3.0,0,Vila Maria,1,0,1,41.0,2.1,180446.9
132.4,2.0,1.0,3,Santa Cruz,1,0,1,49.0,3.8,356361.38
150.9,3.0,2.0,2,Bela Vista,1,0,0,38.0,1.2,877431.03
233.8,5.0,3.0,2,Vila São Paulo,0,0,0,6.0,3.9,927320.91
166.3,5.0,2.0,2,Jardim América,0,0,1,10.0,7.2,1201923.87
139.0,2.0,1.0,1,São José,0,0,1,35.0,4.6,358350.04
191.5,2.0,3.0,1,Vila Maria,1,0,1,30.0,2.6,415636.18
39.4,5.0,2.0,0,São José,0,1,0,32.0,5.5,141122.5
161.8,1.0,1.0,2,Jardim América,1,0,1,12.0,5.3,864050.53
188.5,5.0,2.0,3,Santa Cruz,1,0,0,17.0,8.9,585160.3
76.1,5.0,3.0,1,Santa Cruz,1,1,1,40.0,6.6,294219.7
207.2,2.0,3.0,3,Bela Vista,1,0,0,23.0,5.6,1228731.37
166.9,2.0,1.0,3,Jardim América,0,0,1,8.0,6.8,984471.82
129.2,5.0,1.0,1,São José,1,1,0,30.0,4.7,553045.29
181.6,5.0,1.0,1,Vila São Paulo,1,0,1,40.0,4.8,564812.52
263.5,5.0,2.0,1,Centro,1,0,0,9.0,8.3,1595060.32
159.1,2.0,2.0,1,Santa Tereza,1,0,0,1.0,1.7,657498.75
162.4,5.0,2.0,2,São José,1,1,1,37.0,6.9,954115.14
127.0,5.0,1.0,2,Santa Cruz,0,0,1,14.0,4.8,392633.01
107.5,4.0,3.0,2,Santa Cruz,0,0,1,2.0,4.4,410294.01
191.5,1.0,3.0,2,Vila São Paulo,1,0,0,42.0,3.9,496819.3
107.2,3.0,2.0,0,Vila Nova,1,0,1,30.0,5.3,254272.41
153.6,1.0,2.0,2,Centro,0,0,1,5.0,4.9,676255.93
126.1,4.0,3.0,1,Santa Cruz,1,0,0,2.0,4.2,455070.36
173.9,3.0,3.0,3,Vila Nova,1,0,0,10.0,3.6,583541.48
166.7,5.0,2.0,2,Boa Vista,0,0,1,14.0,1.2,1020356.23
201.9,4.0,2.0,0,Bela Vista,1,0,1,44.0,3.6,968172.57
124.5,5.0,3.0,1,Santa Tereza,1,0,1,27.0,4.0,736136.37
136.5,2.0,1.0,3,Vila Nova,0,1,1,9.0,5.3,404137.33
101.1,4.0,2.0,3,São José,1,0,1,37.0,8.9,426538.3
127.8,2.0,3.0,2,Vila Maria,1,1,0,46.0,3.8,359471.18
168.9,4.0,3.0,3,Bela Vista,1,1,1,49.0,3.0,1529356.53
187.8,4.0,3.0,2,Jardim América,1,0,1,49.0,3.6,1477617.98
103.9,2.0,3.0,2,Centro,1,0,0,6.0,5.3,680416.83
193.5,3.0,1.0,1,Santa Cruz,1,1,1,14.0,6.2,690553.42
217.8,1.0,3.0,1,Bela Vista,1,0,0,17.0,6.5,1271694.55
170.7,5.0,2.0,0,Boa Vista,1,1,1,17.0,6.7,1069334.04
243.8,4.0,1.0,1,Santa Cruz,0,0,0,40.0,6.9,542936.78
111.3,5.0,3.0,1,Vila Nova,0,0,0,23.0,4.4,413043.24
87.8,2.0,1.0,2,Boa Vista,0,0,0,1.0,9.1,232869.45
61.1,5.0,2.0,1,Centro,1,0,1,39.0,4.3,320914.45
224.8,2.0,3.0,2,Santa Cruz,0,1,0,19.0,5.2,893893.72
182.7,5.0,2.0,2,Vila Maria,1,0,1,33.0,7.6,519714.9
147.2,1.0,3.0,1,Santa Tereza,0,0,1,42.0,6.1,602972.75
164.0,1.0,3.0,0,Jardim América,0,1,1,25.0,0.5,1038482.46
93.7,1.0,3.0,0,Boa Vista,1,0,0,6.0,5.0,384547.22
272.3,1.0,3.0,3,Santa Cruz,1,0,1,37.0,6.7,763542.09
156.5,1.0,3.0,3,Santa Cruz,0,0,0,29.0,2.3,468657.0
155.5,1.0,1.0,1,Vila Nova,1,0,1,41.0,6.5,315502.18
186.3,2.0,3.0,0,Bela Vista,1,0,0,4.0,5.8,1150492.19
174.1,4.0,3.0,2,Vila Nova,0,0,1,10.0,7.4,554612.8
161.2,5.0,1.0,3,Santa Cruz,1,0,1,0.0,3.6,681809.29
110.5,1.0,1.0,2,Vila Maria,1,0,1,33.0,7.0,176761.2
173.6,2.0,1.0,3,Bela Vista,0,0,1,0.0,5.3,846579.33
244.1,2.0,1.0,1,Vila Nova,1,0,0,18.0,8.5,533806.73
217.3,2.0,1.0,0,Boa Vista,1,0,0,1.0,10.6,840676.81
229.7,4.0,1.0,3,Vila São Paulo,1,0,1,20.0,8.1,669151.25
124.4,5.0,3.0,0,Jardim América,0,0,1,19.0,6.0,835313.13
100.5,4.0,3.0,2,Centro,0,0,0,22.0,9.6,497724.6
143.7,3.0,2.0,1,Bela Vista,1,1,1,20.0,6.2,996265.06
152.8,2.0,3.0,0,Centro,0,0,1,23.0,3.2,666961.97
204.7,3.0,3.0,1,Vila São Paulo,1,0,1,3.0,4.9,621195.3
65.4,1.0,1.0,0,São José,1,0,0,11.0,6.5,197412.3
226.5,1.0,1.0,2,Boa Vista,1,0,0,21.0,6.7,770128.28
142.1,4.0,3.0,2,Jardim América,1,0,0,19.0,2.7,1110652.17
128.7,5.0,2.0,1,Centro,1,0,1,17.0,2.8,846023.53
99.4,3.0,1.0,2,Bela Vista,0,0,1,0.0,4.3,547825.54
67.3,5.0,3.0,3,Santa Tereza,1,0,1,29.0,6.1,427869.97
191.2,4.0,3.0,0,Boa Vista,0,1,1,32.0,6.3,840811.32
153.7,1.0,2.0,2,Bela Vista,0,0,1,23.0,5.3,715603.75
85.5,5.0,2.0,3,Boa Vista,1,0,1,13.0,3.3,472106.86
85.2,5.0,1.0,1,Jardim América,1,1,1,35.0,8.5,584731.26
133.2,1.0,2.0,3,Santa Cruz,1,0,0,4.0,2.9,480493.33
233.5,3.0,3.0,1,Vila Maria,0,0,1,10.0,7.6,485741.37
137.0,1.0,3.0,1,Centro,1,0,1,23.0,6.5,650718.4
74.8,5.0,2.0,0,Boa Vista,0,0,0,30.0,7.6,325990.4
137.7,3.0,2.0,0,São José,1,0,0,12.0,4.1,506266.22
136.4,3.0,2.0,3,Bairro Inexistente,0,0,0,15.0,4.7,664388.89
30.0,1.0,2.0,0,Jardim América,1,0,1,23.0,5.1,102252.92
147.3,5.0,1.0,0,Boa Vista,1,0,1,12.0,4.0,787790.2
138.5,4.0,2.0,0,Vila São Paulo,1,0,1,23.0,5.5,414329.38
184.8,5.0,1.0,3,Santa Tereza,1,1,1,25.0,8.2,1016197.06
242.4,2.0,3.0,2,Vila Nova,1,0,0,1.0,2.4,895988.79
206.3,4.0,2.0,0,Vila Nova,1,0,0,15.0,3.7,664205.48
136.6,3.0,1.0,0,São José,0,0,0,37.0,3.5,389667.78
94.7,4.0,2.0,3,Centro,0,0,1,45.0,4.8,547242.68
278.7,3.0,3.0,2,Centro,1,1,0,0.0,4.7,1845398.37
153.0,3.0,3.0,0,Boa Vista,1,0,1,48.0,6.5,656928.96
150.7,4.0,3.0,1,Santa Cruz,1,0,1,10.0,5.1,578656.75
148.8,3.0,2.0,3,Vila Maria,0,0,1,34.0,5.6,311163.5
159.9,3.0,2.0,0,Jardim América,1,0,0,42.0,5.8,603248.44
142.8,2.0,1.0,0,Santa Tereza,1,0,1,28.0,5.5,480700.42
121.3,5.0,3.0,1,Jardim América,1,0,1,36.0,6.4,921284.97
122.7,5.0,2.0,1,Centro,1,0,0,16.0,4.8,804897.12
148.4,2.0,3.0,3,Jardim América,1,0,1,38.0,8.3,1005104.55
122.8,4.0,3.0,3,Santa Cruz,0,0,1,41.0,10.1,342257.72
114.4,1.0,1.0,1,Vila Nova,1,1,0,27.0,6.4,280933.27
155.3,1.0,1.0,3,Vila Nova,1,0,1,28.0,5.5,393123.77
137.3,1.0,1.0,1,Bela Vista,1,0,0,42.0,6.2,444402.01
225.2,2.0,1.0,0,Santa Cruz,0,0,1,2.0,2.8,550513.12
30.0,2.0,3.0,1,Jardim América,0,0,0,9.0,5.4,156877.47
204.6,3.0,1.0,1,Boa Vista,1,0,1,41.0,3.5,906013.69
212.3,1.0,1.0,2,São José,1,1,0,13.0,6.0,688978.94
46.3,4.0,1.0,1,Santa Cruz,1,0,1,11.0,3.5,154909.22
132.9,4.0,1.0,1,Bela Vista,1,1,1,46.0,4.3,677934.03
131.4,1.0,3.0,2,Santa Cruz,1,0,1,41.0,1.3,348405.77
79.6,1.0,1.0,3,Bela Vista,0,0,1,29.0,2.7,276070.21
111.1,1.0,3.0,2,Centro,1,0,1,31.0,5.7,521686.34
94.5,2.0,2.0,0,Bela Vista,1,0,0,31.0,3.3,357935.06
237.6,2.0,3.0,2,Bela Vista,1,0,0,41.0,7.1,1157283.82
196.8,2.0,3.0,0,Santa Cruz,1,0,1,31.0,3.1,664166.43
213.6,5.0,1.0,3,Centro,1,1,0,25.0,5.9,1423815.49
186.1,4.0,2.0,2,Centro,1,1,0,0.0,3.5,1736681.6
93.5,4.0,2.0,2,Santa Cruz,1,0,1,41.0,5.8,260385.95
123.8,3.0,2.0,3,Santa Tereza,0,0,0,1.0,1.9,562476.13
174.5,2.0,2.0,0,Jardim América,0,0,0,16.0,4.1,742629.75
88.9,5.0,3.0,2,São José,1,0,1,29.0,3.3,493159.1
185.6,5.0,2.0,0,Santa Cruz,0,0,1,38.0,6.8,609697.93
138.0,4.0,3.0,2,São José,0,0,1,6.0,5.9,583763.71
131.3,2.0,3.0,1,Santa Tereza,1,0,1,26.0,2.5,649669.02
185.5,3.0,3.0,2,Vila Nova,1,0,1,8.0,4.6,607897.12
172.2,2.0,2.0,3,Boa Vista,1,0,1,21.0,3.5,877496.23
132.0,1.0,1.0,3,Boa Vista,0,0,0,33.0,6.9,364656.18
208.0,2.0,1.0,0,Santa Tereza,0,0,0,45.0,7.5,534220.81
95.9,1.0,2.0,2,São José,0,0,1,48.0,2.1,290630.33
180.8,1.0,1.0,0,Vila Nova,0,0,1,0.0,6.7,369323.79
179.7,3.0,1.0,0,Santa Cruz,1,0,1,8.0,3.4,508863.35
134.5,4.0,3.0,1,Centro,0,0,0,19.0,4.5,587987.82
166.3,2.0,3.0,1,Vila São Paulo,1,0,0,18.0,5.1,561560.29
87.4,1.0,2.0,3,Bela Vista,0,0,1,35.0,8.6,284019.4
196.2,2.0,2.0,0,São José,1,0,0,39.0,3.0,497188.57
140.8,4.0,1.0,3,Vila Nova,1,0,1,44.0,6.7,318823.96
123.9,4.0,3.0,2,Boa Vista,1,0,0,3.0,2.7,762129.45
202.5,5.0,2.0,0,Santa Cruz,1,0,0,8.0,2.5,812072.17
114.8,4.0,2.0,0,Boa Vista,1,0,1,40.0,5.1,477500.08
79.6,3.0,2.0,2,Vila São Paulo,0,0,1,21.0,5.0,266864.74
72.2,1.0,2.0,2,São José,1,0,0,17.0,0.5,270028.6
180.3,5.0,2.0,3,Jardim América,1,0,0,11.0,7.3,1436889.85
86.0,3.0,2.0,3,Vila São Paulo,1,1,1,41.0,0.7,368893.23
237.7,2.0,1.0,2,Vila São Paulo,0,0,0,42.0,4.7,524339.7
45.9,1.0,3.0,3,São José,0,1,1,38.0,7.7,179576.33
234.8,4.0,3.0,2,Centro,1,0,1,8.0,9.4,1436482.05
160.6,1.0,2.0,0,Vila São Paulo,1,0,0,5.0,4.3,393249.42
145.2,2.0,3.0,0,São José,1,0,1,18.0,2.1,509167.9
122.8,5.0,3.0,1,Vila São Paulo,0,0,0,47.0,7.6,334028.11
170.0,5.0,3.0,0,Vila Nova,1,0,1,46.0,6.7,437736.72
148.1,5.0,2.0,2,Jardim América,0,0,0,6.0,4.0,1138266.72
205.2,4.0,2.0,3,Vila Maria,0,0,1,15.0,3.8,587449.48
155.7,3.0,3.0,1,São José,1,0,0,4.0,3.6,863442.39
157.5,3.0,3.0,3,Vila São Paulo,0,0,0,15.0,4.3,564086.9
131.8,1.0,2.0,2,Santa Tereza,0,0,1,0.0,5.6,499925.16
147.2,4.0,1.0,0,Bela Vista,1,0,1,36.0,3.9,666301.96
165.4,5.0,3.0,1,Vila Maria,0,0,1,38.0,4.1,455201.71
64.5,5.0,1.0,2,Boa Vista,0,0,0,18.0,6.3,236518.34
82.6,2.0,3.0,1,Santa Tereza,0,1,1,36.0,2.0,371351.53
187.2,2.0,1.0,1,Boa Vista,0,1,0,16.0,4.2,734250.21
158.5,5.0,1.0,0,Bairro Inexistente,0,0,0,25.0,1.6,674587.7
140.8,5.0,1.0,2,Jardim América,1,0,1,21.0,5.2,988601.25
150.9,4.0,2.0,3,Vila Nova,0,1,0,7.0,1.1,623157.87
167.4,3.0,1.0,1,Jardim América,0,0,1,32.0,6.8,557889.6
123.0,2.0,1.0,1,Vila São Paulo,1,0,1,1.0,2.4,301591.16
111.1,3.0,1.0,3,Vila São Paulo,1,1,1,29.0,1.5,416286.64
159.8,4.0,3.0,2,Jardim América,1,0,1,46.0,4.3,1046516.95
101.1,5.0,1.0,1,Jardim América,1,0,1,19.0,8.4,589578.34
170.4,3.0,3.0,1,Jardim América,1,0,0,17.0,6.4,1044159.8
64.9,5.0,1.0,1,Centro,1,0,1,42.0,1.2,372675.24
201.5,5.0,1.0,2,Santa Tereza,1,1,0,9.0,2.3,971040.3
173.6,1.0,2.0,2,Santa Cruz,1,0,0,23.0,4.2,476197.34
162.8,3.0,3.0,3,Jardim América,0,0,1,3.0,9.5,1243377.01
199.1,3.0,1.0,2,São José,0,0,1,36.0,3.1,715986.16
233.3,5.0,3.0,2,Jardim América,0,0,1,3.0,3.1,2215498.49
200.7,4.0,3.0,0,Boa Vista,1,0,0,12.0,8.1,1081778.07
58.0,1.0,2.0,3,Jardim América,1,0,1,24.0,5.4,315234.26
86.0,5.0,2.0,1,Centro,1,1,0,12.0,7.1,514790.83
118.8,2.0,2.0,2,Vila Maria,1,0,1,17.0,3.5,235309.03
151.3,2.0,2.0,1,Vila Maria,1,0,1,23.0,4.8,317843.45
175.9,1.0,2.0,1,Vila Maria,0,0,1,1.0,7.6,310489.25
113.7,4.0,2.0,0,Vila Maria,0,0,0,47.0,4.7,224091.98
159.3,5.0,2.0,2,Vila Maria,1,1,0,32.0,7.2,464652.46
112.2,3.0,2.0,3,Jardim América,1,0,0,18.0,5.8,672407.33
119.4,1.0,1.0,2,Jardim América,1,0,1,8.0,2.9,580368.66
79.7,4.0,3.0,1,Centro,1,0,1,27.0,5.0,565263.7
103.8,3.0,2.0,3,Jardim América,0,0,0,34.0,7.0,558419.76
82.4,2.0,2.0,2,Jardim América,1,0,1,38.0,6.3,404341.02
101.2,2.0,3.0,1,Vila Nova,1,0,1,9.0,4.9,306378.83
202.7,3.0,1.0,1,Jardim América,1,0,1,0.0,1.2,1579430.57
102.5,1.0,3.0,0,Jardim América,1,1,1,41.0,1.4,605866.83
281.6,2.0,3.0,0,Bela Vista,0,0,1,20.0,1.8,1525546.6
174.7,5.0,2.0,0,Jardim América,0,1,0,8.0,4.0,1454371.57
159.2,3.0,3.0,1,São José,1,0,0,46.0,4.2,488981.87
107.1,3.0,3.0,2,Vila São Paulo,1,0,0,14.0,2.0,387088.23
185.0,2.0,2.0,0,Vila Nova,1,0,1,34.0,7.0,420682.08
121.2,1.0,2.0,2,Centro,0,0,1,4.0,2.5,548768.22
156.1,5.0,2.0,0,Santa Cruz,1,0,1,40.0,2.3,503442.17
278.0,1.0,2.0,3,Vila Nova,0,0,0,21.0,5.2,584832.51
145.2,4.0,3.0,3,Vila Nova,0,0,1,40.0,6.9,404115.49
207.5,4.0,3.0,0,Santa Cruz,1,1,0,22.0,9.1,687001.69
114.8,2.0,1.0,1,Jardim América,1,0,0,6.0,6.2,613088.56
148.3,2.0,1.0,0,Jardim América,0,0,1,22.0,8.2,587556.9
238.5,2.0,3.0,0,Jardim América,0,1,1,43.0,2.6,1415646.33
118.7,4.0,1.0,1,Centro,1,0,1,24.0,9.3,640171.25
240.6,1.0,3.0,3,Bela Vista,0,0,1,26.0,1.3,1591467.04
185.4,1.0,1.0,2,Jardim América,1,0,0,40.0,4.0,635889.56
121.9,2.0,2.0,0,Jardim América,1,0,0,5.0,6.1,615646.78
181.6,5.0,1.0,1,Boa Vista,0,0,0,33.0,1.8,947852.04
198.6,1.0,2.0,0,Santa Cruz,0,1,1,8.0,3.1,546220.54
181.1,4.0,2.0,1,Santa Tereza,1,0,1,48.0,2.8,926441.32
71.5,3.0,2.0,2,Centro,1,0,0,32.0,4.4,339346.83
113.6,3.0,2.0,2,São José,1,0,1,5.0,7.8,495793.22
137.6,3.0,1.0,3,São José,1,0,0,36.0,5.0,539591.75
146.3,5.0,3.0,1,Santa Cruz,1,0,0,30.0,4.1,526382.6
181.0,2.0,2.0,1,Boa Vista,1,0,1,33.0,0.5,855728.8
158.9,4.0,1.0,3,Vila Nova,1,0,0,40.0,5.9,455607.41
83.2,5.0,2.0,3,Vila Maria,1,0,1,28.0,6.6,261482.46
169.0,4.0,1.0,1,Vila São Paulo,1,0,1,13.0,1.6,560798.88
180.5,4.0,1.0,3,Bela Vista,1,0,1,35.0,4.9,1158021.21
178.0,2.0,1.0,2,São José,1,0,0,35.0,5.4,602264.19
204.0,3.0,3.0,0,Centro,1,0,0,14.0,6.9,942210.87
191.7,2.0,1.0,2,Santa Tereza,0,0,1,7.0,3.6,899728.05
173.0,5.0,1.0,3,Vila Nova,1,1,0,25.0,3.2,680318.7
146.5,5.0,3.0,1,Vila São Paulo,0,0,0,35.0,4.1,459206.16
67.0,5.0,3.0,1,Centro,0,0,1,47.0,7.6,256620.42
171.5,2.0,1.0,2,Santa Tereza,0,0,1,20.0,7.1,499113.42
160.4,4.0,3.0,1,Santa Cruz,1,0,1,27.0,5.0,666496.18
163.6,4.0,2.0,3,Bela Vista,1,1,0,3.0,7.0,1549298.53
86.2,1.0,2.0,2,Santa Tereza,0,0,1,15.0,0.5,360363.16
95.9,5.0,3.0,1,Centro,1,1,0,21.0,6.6,570830.4
202.7,4.0,3.0,0,Santa Tereza,1,0,0,11.0,2.8,936265.84
148.0,1.0,1.0,0,Bela Vista,0,0,1,15.0,8.5,404267.49
184.1,4.0,3.0,3,Vila Nova,1,1,1,39.0,2.9,650227.72
151.4,5.0,1.0,1,Boa Vista,1,0,1,37.0,3.3,835276.84
151.5,3.0,2.0,3,Centro,1,0,1,41.0,6.1,925442.46
196.9,5.0,3.0,2,Santa Tereza,1,0,1,36.0,6.3,949004.79
124.2,2.0,1.0,0,Boa Vista,1,1,1,28.0,4.1,524573.47
154.8,4.0,1.0,2,Vila São Paulo,0,1,1,17.0,5.7,462836.19
126.9,4.0,2.0,1,Santa Tereza,0,0,1,9.0,6.0,571461.87
128.3,2.0,3.0,3,Vila São Paulo,0,1,1,41.0,5.8,513615.75
134.5,2.0,2.0,3,Vila Maria,1,0,1,38.0,4.2,345994.06
161.1,3.0,1.0,3,Santa Cruz,0,0,1,17.0,6.0,491146.56
126.1,4.0,1.0,2,Santa Cruz,0,0,0,0.0,7.8,350620.87
212.8,4.0,3.0,0,Santa Tereza,1,0,1,38.0,2.5,1122981.33
105.3,3.0,1.0,2,Vila Maria,1,0,0,20.0,3.3,251501.88
140.7,1.0,3.0,2,Vila Maria,1,0,1,0.0,5.1,393551.14
128.0,3.0,2.0,1,Vila São Paulo,0,0,0,14.0,2.9,364288.84
222.3,5.0,3.0,1,Boa Vista,0,0,1,3.0,1.4,1517189.63
159.8,4.0,3.0,1,Bela Vista,1,0,1,19.0,7.2,1032541.16
201.6,2.0,1.0,0,Vila Maria,0,0,0,9.0,0.5,347994.6
75.7,5.0,1.0,0,Vila São Paulo,0,0,0,22.0,4.2,176841.64
163.4,4.0,3.0,1,Vila Maria,1,0,0,40.0,6.5,345452.77
194.5,3.0,1.0,1,Centro,1,0,1,33.0,5.5,732600.39
154.1,5.0,1.0,0,Bela Vista,1,0,0,45.0,4.2,651452.42
203.3,4.0,1.0,3,Vila Nova,1,1,0,47.0,2.8,597057.45
124.1,1.0,3.0,0,Vila São Paulo,1,0,0,32.0,5.7,273731.16
220.5,1.0,1.0,0,Vila São Paulo,0,0,1,33.0,3.0,384789.34
264.9,2.0,3.0,0,Jardim América,1,1,0,38.0,5.5,1624201.46
131.9,4.0,1.0,1,São José,0,0,1,9.0,5.3,561468.22
127.7,1.0,2.0,3,Vila Nova,0,1,0,19.0,5.3,351419.73
,,,0,Santa Cruz,1,0,1,,3.7,635707.72
229.0,4.0,1.0,1,Santa Cruz,0,0,0,12.0,9.1,499907.54
123.9,3.0,3.0,2,Boa Vista,1,0,1,0.0,5.7,758412.02
129.0,3.0,3.0,2,São José,0,0,0,4.0,4.4,676389.97
135.9,1.0,1.0,0,Vila São Paulo,1,0,1,15.0,5.5,324579.57
82.8,4.0,2.0,2,São José,1,0,1,14.0,3.5,460027.47
104.1,5.0,1.0,3,Centro,0,0,1,48.0,4.2,533505.13
99.8,1.0,1.0,2,Vila São Paulo,0,1,1,27.0,9.8,241158.59
111.6,1.0,2.0,2,Santa Tereza,1,0,1,30.0,3.5,457470.51
148.3,4.0,3.0,3,Vila Nova,1,0,1,22.0,4.8,567927.66
161.7,4.0,1.0,0,Vila Maria,1,0,1,47.0,4.1,283400.8
227.5,3.0,3.0,0,Santa Tereza,1,0,0,44.0,2.9,908407.58
100.1,4.0,3.0,3,Bela Vista,1,1,1,42.0,5.8,796373.64
199.2,3.0,2.0,3,Vila São Paulo,1,0,1,16.0,5.1,762914.44
139.3,1.0,2.0,3,Bela Vista,1,0,0,48.0,6.8,576356.51
147.5,2.0,3.0,2,São José,1,0,0,33.0,6.6,689361.71
183.7,5.0,1.0,3,Bela Vista,1,0,0,12.0,6.8,987608.87
93.9,1.0,3.0,1,São José,1,1,1,13.0,3.2,506607.86
169.1,4.0,1.0,2,Vila Maria,1,0,0,10.0,6.3,402365.35
158.3,5.0,1.0,0,Centro,1,0,0,27.0,6.3,681025.04
174.6,2.0,2.0,0,Jardim América,1,1,0,41.0,3.0,889568.15
164.5,2.0,1.0,0,Vila Maria,0,1,1,31.0,4.4,340247.96
272.8,3.0,1.0,2,Centro,0,0,1,34.0,2.1,1262461.89
118.1,5.0,3.0,1,Vila São Paulo,1,0,0,30.0,6.3,441733.53
123.5,3.0,2.0,3,Boa Vista,1,0,0,16.0,6.3,651088.51
118.8,1.0,1.0,3,São José,1,0,0,46.0,7.9,308996.18
122.2,5.0,1.0,0,Bela Vista,0,1,1,8.0,4.5,737023.0
118.1,1.0,2.0,0,Bela Vista,1,0,1,9.0,5.9,548658.58
209.5,3.0,3.0,2,Vila São Paulo,1,0,1,7.0,7.0,632071.96
221.0,5.0,2.0,1,Vila Maria,0,0,0,20.0,3.5,593161.66
121.5,3.0,2.0,3,Jardim América,1,0,1,12.0,3.2,1157412.69
108.4,5.0,1.0,2,Vila São Paulo,1,0,1,49.0,3.6,331404.13
173.6,3.0,1.0,3,Vila Nova,1,0,0,4.0,4.3,492987.49
122.4,2.0,3.0,0,Vila São Paulo,1,0,0,5.0,3.3,378120.73
181.6,3.0,1.0,3,Boa Vista,1,0,0,29.0,3.6,880373.49
160.1,2.0,1.0,1,Santa Cruz,1,0,1,30.0,6.8,355324.63
74.2,3.0,2.0,1,Boa Vista,1,0,1,16.0,4.8,395905.85
227.4,5.0,1.0,0,Boa Vista,1,0,1,10.0,5.6,1051110.5
239.8,5.0,3.0,1,Jardim América,1,0,1,19.0,3.9,2289341.76
119.4,5.0,2.0,1,Vila Maria,1,0,0,47.0,3.8,320013.99
130.6,4.0,3.0,2,Boa Vista,0,0,1,8.0,5.6,745898.41
164.3,1.0,2.0,3,Santa Tereza,1,0,1,1.0,5.3,772725.37
166.7,5.0,1.0,0,Vila Nova,0,0,0,36.0,6.6,327118.83
182.9,2.0,2.0,0,Santa Tereza,1,0,1,0.0,7.6,725992.09
250.5,5.0,2.0,0,Vila São Paulo,1,1,0,3.0,3.6,960067.71
141.2,4.0,1.0,0,Bela Vista,0,0,0,35.0,6.7,462832.11
110.1,2.0,1.0,0,Santa Tereza,1,0,1,24.0,2.8,425979.96
81.0,4.0,3.0,1,Santa Tereza,0,1,1,2.0,9.1,522080.65
113.5,2.0,3.0,2,São José,1,0,1,8.0,3.4,628487.5
148.3,3.0,1.0,0,Santa Cruz,1,0,0,21.0,6.4,340469.27
239.7,1.0,1.0,2,Jardim América,1,0,1,22.0,2.8,1460609.19
124.1,1.0,1.0,2,Santa Tereza,0,1,1,11.0,4.7,509747.82
161.2,4.0,2.0,1,Bela Vista,0,0,1,9.0,8.1,925660.12
149.2,1.0,2.0,0,Vila Maria,1,0,1,33.0,3.4,231344.0
209.4,4.0,2.0,1,Santa Cruz,1,0,1,42.0,9.4,536249.59
276.3,4.0,1.0,0,São José,1,1,0,9.0,5.0,1192868.05
123.5,4.0,3.0,1,Jardim América,1,0,1,29.0,7.0,823038.03
125.5,1.0,1.0,2,Santa Cruz,1,0,0,21.0,5.8,250274.35
202.2,4.0,2.0,0,Vila Nova,1,0,0,5.0,5.9,596016.48
184.1,1.0,2.0,3,Bela Vista,1,0,1,49.0,2.1,961458.56
242.3,4.0,1.0,2,Vila São Paulo,0,0,1,1.0,4.1,723919.73
179.2,5.0,1.0,3,Santa Cruz,0,0,0,29.0,7.4,445014.38
132.0,4.0,2.0,2,Bela Vista,1,1,1,1.0,4.3,1037637.8
179.5,2.0,2.0,1,Boa Vista,0,0,0,31.0,5.3,671837.6
205.4,4.0,2.0,0,Centro,1,0,1,41.0,1.9,931600.78
191.0,3.0,1.0,2,Centro,1,0,1,15.0,3.9,965311.24
175.4,4.0,2.0,1,Vila São Paulo,0,0,1,11.0,7.2,469913.08
203.3,2.0,2.0,0,Bela Vista,0,0,0,0.0,2.4,1156737.52
208.5,2.0,3.0,0,Centro,1,0,1,7.0,6.4,1064525.32
219.1,1.0,1.0,2,Vila Nova,1,0,1,47.0,5.4,452513.19
182.4,5.0,3.0,0,Santa Cruz,1,0,1,49.0,4.5,594360.51
141.6,4.0,3.0,2,Centro,1,0,1,12.0,4.4,985764.61
157.3,1.0,2.0,0,Boa Vista,1,1,1,14.0,4.0,739773.93
210.3,5.0,1.0,3,Boa Vista,1,1,0,43.0,4.2,1109020.53
109.2,4.0,2.0,1,Boa Vista,1,0,1,7.0,6.9,551692.0
168.4,3.0,1.0,3,Bela Vista,1,0,1,9.0,4.1,909066.62
130.3,4.0,3.0,2,Santa Tereza,1,0,0,45.0,8.6,500165.38
151.4,2.0,1.0,3,Vila Nova,0,1,1,4.0,5.6,549500.71
213.9,2.0,2.0,2,Vila Nova,1,0,0,49.0,3.8,488058.05
159.6,3.0,2.0,0,Vila São Paulo,1,1,1,18.0,6.9,604381.93
152.3,1.0,2.0,0,Centro,0,0,1,46.0,6.2,425595.93
82.0,5.0,1.0,2,Vila Maria,0,1,0,37.0,1.7,189909.46
187.3,4.0,3.0,3,Vila Nova,1,1,1,10.0,2.9,843664.26
182.3,2.0,3.0,0,Bela Vista,1,1,0,42.0,4.8,916983.88
258.2,1.0,1.0,1,Vila Nova,1,0,0,19.0,1.8,543166.42
134.6,3.0,2.0,0,Boa Vista,0,0,0,19.0,9.2,463511.81
161.0,2.0,3.0,1,Centro,0,0,1,20.0,6.6,686062.08
162.5,3.0,2.0,3,Vila Nova,1,0,0,17.0,5.0,498087.61
228.9,4.0,1.0,1,Santa Cruz,1,0,1,49.0,4.3,580769.03
145.2,5.0,2.0,1,Jardim América,1,0,1,9.0,3.8,1201046.97
164.0,2.0,3.0,1,Vila Maria,1,0,0,33.0,1.1,444695.04
180.4,2.0,3.0,1,Vila São Paulo,1,0,1,25.0,1.5,576004.81
159.3,4.0,2.0,0,Vila São Paulo,1,0,1,29.0,8.8,476334.75
127.7,1.0,1.0,1,Vila São Paulo,1,0,1,8.0,8.1,293336.37
159.7,5.0,2.0,0,Centro,1,1,0,45.0,3.8,747456.37
203.7,2.0,1.0,1,Bela Vista,1,0,0,30.0,6.8,924346.8
98.7,5.0,2.0,2,Bela Vista,1,0,0,41.0,6.0,674367.13
156.6,2.0,3.0,3,Vila Maria,1,0,0,3.0,6.2,476391.32
115.0,5.0,1.0,1,Centro,1,1,0,5.0,2.1,798701.98
209.8,3.0,1.0,2,Santa Cruz,0,0,0,13.0,1.4,579098.73
73.8,2.0,1.0,1,Vila São Paulo,1,0,0,3.0,7.4,174527.05
122.1,5.0,3.0,1,Boa Vista,0,0,0,25.0,1.0,771067.72
168.9,1.0,2.0,1,Santa Cruz,1,0,0,46.0,4.7,359572.74
228.3,3.0,3.0,2,Santa Tereza,1,0,0,47.0,4.3,1166158.07
146.7,3.0,1.0,3,Vila Maria,1,1,1,38.0,4.1,393960.24
122.2,1.0,2.0,2,Vila Maria,0,1,0,16.0,5.6,266653.36
,,,3,Bela Vista,1,0,1,,3.6,1929048.59
77.6,4.0,1.0,1,Vila São Paulo,1,0,0,48.0,5.8,166172.43
40.1,1.0,1.0,0,Centro,1,0,1,5.0,5.3,160986.49
172.0,5.0,3.0,1,Boa Vista,1,0,0,28.0,9.2,760280.15
124.9,1.0,3.0,3,Santa Tereza,1,0,1,10.0,2.2,618199.04
98.9,1.0,3.0,2,Santa Cruz,1,0,1,15.0,5.1,358323.4
185.4,2.0,1.0,1,Bela Vista,0,1,0,29.0,5.9,724465.52
162.2,5.0,3.0,2,Boa Vista,0,1,1,24.0,4.5,1256186.87
121.8,4.0,1.0,2,Santa Cruz,1,0,1,39.0,2.3,288095.31
86.0,2.0,3.0,2,Vila Maria,1,0,0,10.0,7.5,247033.4
193.6,1.0,1.0,1,São José,0,0,1,-5.0,5.7,500421.24
182.5,1.0,1.0,2,São José,0,0,1,25.0,2.5,512203.94
145.0,1.0,2.0,2,São José,0,0,1,21.0,5.9,511429.66
242.3,5.0,3.0,1,Bela Vista,1,0,0,24.0,8.4,1506597.28
96.5,5.0,3.0,2,Santa Cruz,1,1,1,18.0,4.9,542840.53
73.7,2.0,1.0,1,São José,1,0,1,30.0,5.0,203240.65
115.4,4.0,1.0,3,Boa Vista,1,0,1,25.0,8.1,530214.3
147.7,2.0,1.0,3,Centro,1,0,1,41.0,3.1,613381.65
162.2,3.0,2.0,3,São José,0,0,0,40.0,8.5,481961.38
137.9,1.0,2.0,2,Jardim América,0,0,1,35.0,6.9,651039.54
167.6,1.0,1.0,0,Vila Nova,0,0,0,22.0,3.2,309560.3
87.4,1.0,3.0,0,Bela Vista,1,0,0,46.0,3.7,338447.64
222.2,2.0,3.0,2,Santa Cruz,1,0,1,12.0,4.0,930082.37
145.9,2.0,2.0,0,Bela Vista,0,0,1,24.0,1.3,603541.86
205.9,1.0,2.0,1,Santa Cruz,1,1,0,1.0,5.5,768841.65
167.1,2.0,1.0,0,Centro,1,0,1,1.0,3.2,785447.27
172.8,5.0,3.0,2,Bela Vista,1,0,0,15.0,5.6,1106721.85
178.5,5.0,1.0,2,Vila Nova,0,0,1,8.0,2.4,656781.99
172.4,2.0,2.0,1,Boa Vista,1,0,1,27.0,6.8,670054.69
182.1,1.0,3.0,3,Vila Maria,1,0,0,12.0,6.5,508639.12
216.5,2.0,3.0,2,Vila São Paulo,0,1,0,34.0,3.6,737649.12
159.8,2.0,2.0,1,Boa Vista,1,1,0,40.0,5.7,731521.5
185.5,2.0,1.0,0,Vila São Paulo,0,0,1,12.0,5.2,444436.4
145.5,3.0,1.0,0,Centro,1,0,0,30.0,8.0,556397.7
222.0,5.0,3.0,1,Vila Nova,1,0,0,20.0,2.9,750949.82
116.2,4.0,2.0,1,Bela Vista,1,0,1,31.0,4.7,680590.6
240.0,4.0,3.0,2,São José,1,0,1,33.0,3.7,1266358.63
148.0,3.0,2.0,0,Bela Vista,1,0,0,7.0,5.1,779379.51
78.5,2.0,1.0,1,Vila São Paulo,1,0,1,40.0,6.1,167419.84
156.4,3.0,2.0,0,Santa Cruz,1,0,0,47.0,3.7,378618.44
115.9,3.0,1.0,1,Centro,1,0,1,1.0,4.3,706433.82
192.0,1.0,2.0,0,Vila São Paulo,1,1,0,37.0,6.9,444521.0
117.4,5.0,3.0,3,São José,1,0,0,31.0,7.7,669248.75
127.7,4.0,1.0,2,Vila Maria,1,0,1,39.0,6.0,256318.41
55.5,2.0,3.0,0,Vila Maria,1,0,0,27.0,4.7,106264.52
127.4,4.0,3.0,3,Centro,1,0,1,36.0,4.5,1099894.25
30.0,4.0,1.0,0,Vila Maria,1,0,0,40.0,6.1,55072.02
70.8,5.0,1.0,0,Bela Vista,1,0,0,0.0,5.5,404754.22
188.0,4.0,3.0,3,Jardim América,1,1,1,40.0,1.7,1933517.86
189.3,4.0,3.0,0,Centro,1,0,1,9.0,6.1,1272226.9
171.3,3.0,3.0,0,Bela Vista,1,0,1,3.0,3.3,1143064.99
101.7,5.0,3.0,2,São José,1,0,0,34.0,2.2,581504.23
147.6,1.0,1.0,3,Jardim América,1,0,0,9.0,1.7,756926.23
149.8,2.0,1.0,3,Jardim América,1,0,0,46.0,4.6,780202.71
92.1,4.0,3.0,1,Boa Vista,1,1,0,10.0,3.0,650992.62
225.2,2.0,2.0,0,Santa Cruz,1,0,1,13.0,0.5,721392.45
193.9,1.0,2.0,2,Vila Maria,1,0,1,37.0,4.3,321041.47
139.0,2.0,1.0,0,São José,1,0,0,11.0,4.0,467659.02
151.3,1.0,3.0,0,Vila Maria,0,0,0,44.0,4.7,185281.16
160.4,3.0,3.0,1,Vila Nova,0,1,0,16.0,3.7,518972.1
47.9,4.0,1.0,0,Santa Tereza,0,1,0,15.0,8.7,152679.23
137.6,1.0,2.0,2,São José,1,0,0,34.0,6.0,467758.71
115.9,2.0,2.0,2,São José,0,0,1,1.0,4.0,487159.42
99.9,4.0,2.0,1,Vila São Paulo,0,0,1,10.0,4.9,293739.38
135.9,3.0,1.0,0,Santa Cruz,1,0,1,40.0,7.8,325989.42
239.9,4.0,2.0,2,Vila São Paulo,1,1,1,2.0,6.9,981242.64
182.0,1.0,1.0,0,Santa Cruz,1,0,1,28.0,2.2,274260.23
121.4,3.0,1.0,0,Vila São Paulo,1,0,1,17.0,3.1,340947.61
178.6,2.0,3.0,0,Santa Tereza,0,0,0,19.0,3.4,560764.07
